Mesh Size,i3-370M Serial,i3-370M Parallel,i5-4210U Parallel,i7-2630QM Parallel
25,0.00001,0.000075,0.000012,0.001842
33,0.000013,0.001905,0.000017,0.000116
41,0.000015,0.000101,0.000022,0.000155
75,0.000035,0.000929,0.000042,0.000299
144,0.000042,0.00037,0.000092,0.000602
544,0.000217,0.001505,0.000361,0.002575
2173,0.001667,0.006988,0.00207,0.01076
3447,0.003327,0.011121,0.003153,0.016062
6084,0.007782,0.020323,0.006971,0.028417
13693,0.026694,0.053064,0.021285,0.06478
