Mesh Size,i3-370M Serial,i3-370M Parallel,i5-4210U Parallel,i7-2630QM Parallel
25,0.000029,0.005196,0.005953,0.010246
33,0.000022,0.000084,0.000059,0.000012
41,0.000023,0.001351,0.000065,0.000006
75,0.000077,0.005049,0.000087,0.000014
144,0.00017,0.000064,0.000115,0.000033
544,0.00181,0.001664,0.001129,0.000334
2173,0.024207,0.013216,0.010397,0.008686
3447,0.062386,0.032585,0.026124,0.01721
6084,0.187715,0.100648,0.115271,0.055533
13693,1.335043,0.510255,0.434716,0.278116
