meshSize; computationTime; ioTime; zerosTime; assemblingTime; dirichletTime; gaussTime; backTime; computationTimeCPU; ioTimeCPU; zerosTimeCPU; assemblingTimeCPU; dirichletTimeCPU; gaussTimeCPU; backTimeCPU
25; 0.000260; 0.000146; 0.003202; 0.000054; 0.000010; 0.000168; 0.000019; 0.000260; 0.000036; 0.002022; 0.000054; 0.000010; 0.000169; 0.000019
33; 0.000378; 0.000187; 0.000037; 0.000051; 0.000011; 0.000291; 0.000018; 0.000378; 0.000187; 0.000037; 0.000051; 0.000011; 0.000291; 0.000018
41; 0.000602; 0.000228; 0.000026; 0.000066; 0.000013; 0.000493; 0.000024; 0.000602; 0.000228; 0.000027; 0.000066; 0.000013; 0.000493; 0.000023
75; 0.002910; 0.000413; 0.000048; 0.000125; 0.000022; 0.002701; 0.000054; 0.002742; 0.000413; 0.000048; 0.000125; 0.000022; 0.002533; 0.000054
144; 0.006364; 0.000723; 0.000124; 0.000228; 0.000017; 0.006035; 0.000080; 0.006352; 0.000723; 0.000125; 0.000213; 0.000017; 0.006038; 0.000079
544; 0.325802; 0.001253; 0.000806; 0.000488; 0.000105; 0.324063; 0.001137; 0.317569; 0.001234; 0.000804; 0.000489; 0.000105; 0.315831; 0.001139
2173; 20.231252; 0.003595; 0.012771; 0.002859; 0.001467; 20.211605; 0.015304; 19.337627; 0.001087; 0.012733; 0.002861; 0.001271; 19.327973; 0.005516
