meshSize; computationTime; ioTime; zerosTime; assemblingTime; dirichletTime; gaussTime; backTime; computationTimeCPU; ioTimeCPU; zerosTimeCPU; assemblingTimeCPU; dirichletTimeCPU; gaussTimeCPU; backTimeCPU
25; 0.000328; 0.000116; 0.002122; 0.000126; 0.000010; 0.000167; 0.000017; 0.000328; 0.000028; 0.001551; 0.000127; 0.000010; 0.000167; 0.000017
33; 0.000499; 0.000186; 0.000030; 0.000164; 0.000011; 0.000299; 0.000018; 0.000500; 0.000186; 0.000030; 0.000164; 0.000011; 0.000299; 0.000018
41; 0.000758; 0.000228; 0.000026; 0.000215; 0.000012; 0.000499; 0.000024; 0.000758; 0.000227; 0.000027; 0.000215; 0.000013; 0.000499; 0.000024
75; 0.001602; 0.000414; 0.000051; 0.000614; 0.000009; 0.000950; 0.000024; 0.001481; 0.000413; 0.000051; 0.000493; 0.000009; 0.000951; 0.000024
144; 0.006484; 0.000322; 0.000060; 0.000372; 0.000017; 0.006011; 0.000079; 0.006480; 0.000322; 0.000060; 0.000373; 0.000017; 0.006007; 0.000079
544; 0.319973; 0.001243; 0.000748; 0.001566; 0.000106; 0.317140; 0.001152; 0.313383; 0.001244; 0.000750; 0.001551; 0.000106; 0.310567; 0.001154
2173; 20.433664; 0.003618; 0.012510; 0.006934; 0.000800; 20.410563; 0.015350; 19.358682; 0.001177; 0.012419; 0.006919; 0.000803; 19.345427; 0.005528
