meshSize; computationTime; ioTime; zerosTime; assemblingTime; dirichletTime; gaussTime; backTime; computationTimeCPU; ioTimeCPU; zerosTimeCPU; assemblingTimeCPU; dirichletTimeCPU; gaussTimeCPU; backTimeCPU
25; 0.000124; 0.000115; 0.006884; 0.000060; 0.000004; 0.000051; 0.000005; 0.000124; 0.000028; 0.004797; 0.000060; 0.000004; 0.000051; 0.000005
33; 0.000170; 0.000085; 0.000013; 0.000080; 0.000004; 0.000079; 0.000004; 0.000170; 0.000084; 0.000013; 0.000080; 0.000004; 0.000079; 0.000004
41; 0.000226; 0.000105; 0.000005; 0.000105; 0.000004; 0.000109; 0.000005; 0.000226; 0.000105; 0.000005; 0.000105; 0.000004; 0.000109; 0.000005
75; 0.000532; 0.000189; 0.000018; 0.000202; 0.000006; 0.000311; 0.000010; 0.000532; 0.000189; 0.000018; 0.000202; 0.000005; 0.000311; 0.000010
144; 0.002109; 0.000373; 0.000041; 0.000409; 0.000009; 0.001663; 0.000023; 0.001980; 0.000373; 0.000041; 0.000409; 0.000010; 0.001535; 0.000023
544; 0.056879; 0.001207; 0.005115; 0.004365; 0.004083; 0.048069; 0.000345; 0.051958; 0.001208; 0.003842; 0.003243; 0.003052; 0.045310; 0.000347
2173; 5.822922; 0.003910; 0.014422; 0.006246; 0.000431; 5.811530; 0.004696; 5.733213; 0.001493; 0.009263; 0.005937; 0.000434; 5.724046; 0.002790
3447; 23.652726; 0.005333; 0.025964; 0.010393; 0.001013; 23.630462; 0.010839; 23.137142; 0.001332; 0.024541; 0.010386; 0.001018; 23.121406; 0.004325
