meshSize; computationTime; ioTime; zerosTime; assemblingTime; dirichletTime; gaussTime; backTime; computationTimeCPU; ioTimeCPU; zerosTimeCPU; assemblingTimeCPU; dirichletTimeCPU; gaussTimeCPU; backTimeCPU
25; 0.000260; 0.000115; 0.004896; 0.000051; 0.000023; 0.000166; 0.000013; 0.000260; 0.000028; 0.003511; 0.000051; 0.000023; 0.000167; 0.000013
33; 0.000420; 0.000183; 0.000026; 0.000073; 0.000011; 0.000311; 0.000018; 0.000420; 0.000182; 0.000026; 0.000073; 0.000012; 0.000311; 0.000018
41; 0.000634; 0.000229; 0.000015; 0.000095; 0.000012; 0.000497; 0.000023; 0.000634; 0.000228; 0.000016; 0.000095; 0.000012; 0.000498; 0.000023
75; 0.003733; 0.000412; 0.000047; 0.000187; 0.000145; 0.003329; 0.000062; 0.003461; 0.000412; 0.000048; 0.000187; 0.000103; 0.003101; 0.000062
144; 0.022436; 0.000320; 0.005523; 0.000181; 0.003711; 0.018453; 0.000082; 0.017884; 0.000240; 0.003062; 0.000136; 0.002778; 0.014884; 0.000082
544; 0.316285; 0.001235; 0.000790; 0.000673; 0.000107; 0.314378; 0.001117; 0.311718; 0.001235; 0.000764; 0.000674; 0.000107; 0.309813; 0.001119
2173; 19.598592; 0.003521; 0.012716; 0.003246; 0.000850; 19.579076; 0.015403; 19.356091; 0.000944; 0.012661; 0.002315; 0.000842; 19.347399; 0.005531
