meshSize; computationTime; ioTime; zerosTime; assemblingTime; dirichletTime; gaussTime; backTime; computationTimeCPU; ioTimeCPU; zerosTimeCPU; assemblingTimeCPU; dirichletTimeCPU; gaussTimeCPU; backTimeCPU
25; 0.000102; 0.000114; 0.000023; 0.000038; 0.000005; 0.000053; 0.000004; 0.000102; 0.000109; 0.000023; 0.000038; 0.000004; 0.000053; 0.000004
33; 0.000145; 0.000113; 0.000012; 0.000040; 0.000005; 0.000093; 0.000005; 0.000145; 0.000113; 0.000012; 0.000040; 0.000005; 0.000093; 0.000005
41; 0.000214; 0.000182; 0.000012; 0.000053; 0.000006; 0.000146; 0.000006; 0.000214; 0.000182; 0.000013; 0.000053; 0.000006; 0.000146; 0.000005
75; 0.000737; 0.000255; 0.000031; 0.000100; 0.000013; 0.000608; 0.000014; 0.000738; 0.000254; 0.000031; 0.000101; 0.000013; 0.000608; 0.000013
144; 0.003811; 0.000539; 0.000142; 0.000203; 0.000027; 0.003535; 0.000042; 0.003804; 0.000539; 0.000142; 0.000203; 0.000027; 0.003530; 0.000042
544; 0.083323; 0.001933; 0.002025; 0.000839; 0.000151; 0.082055; 0.000272; 0.083267; 0.001933; 0.002028; 0.000840; 0.000151; 0.082000; 0.000273
2173; 6.777706; 0.003204; 0.039453; 0.002077; 0.000529; 6.770908; 0.004181; 6.771744; 0.003206; 0.039407; 0.002062; 0.000530; 6.764961; 0.004187
3447; 27.508521; 0.008198; 0.046852; 0.003607; 0.001050; 27.493460; 0.010389; 27.482122; 0.008168; 0.046691; 0.003610; 0.001054; 27.467070; 0.010384
